{
  "conv2_2": -0.08748399466276169,
  "conv3_4": -0.061713166534900665,
  "conv4_4": 0.006109914742410183,
  "conv5_4": 0.2640319764614105,
  "fc2": 0.4613341689109802
}