{
  "alpha": 2.6375213371408943,
  "alpha_no_pc1": 2.6808914369195707,
  "mouse_id": "m02_d3"
}