{
  "layer1": -0.08925949037075043,
  "layer2": -0.09069712460041046,
  "layer3": -0.01950656622648239,
  "layer4": 0.0857759341597557,
  "fc": 0.10178162902593613
}