{
  "layer1": -0.11169527471065521,
  "layer2": -0.10320032387971878,
  "layer3": -0.021533386781811714,
  "layer4": 0.07971491664648056,
  "fc": 0.09885391592979431
}