{
  "layer1": -0.10682138055562973,
  "layer2": -0.09626899659633636,
  "layer3": -0.009448051452636719,
  "layer4": 0.0750858411192894,
  "fc": 0.08201272785663605
}