{
  "alpha": 2.6180532011074926,
  "alpha_no_pc1": 2.670324042149014,
  "mouse_id": "m03_d4"
}