{
  "mouse_id": "m01_d2",
  "model": "neural",
  "layer": "neural",
  "original_dimensions": 500,
  "subsampled_dimensions": 500,
  "subsamples": [
    {
      "num_principal_components_68pc_ev": 82,
      "num_principal_components_80pc_ev": 130,
      "num_principal_components_90pc_ev": 197,
      "cumulative_ev": [
        0.047916068827709525,
        0.09072632244736642,
        0.12067762920504248,
        0.14857440329373478,
        0.17333293261955432,
        0.19633207952138743,
        0.21702844237791238,
        0.2341637947316198,
        0.25033493310726984,
        0.26559067342413634,
        0.2790413375580688,
        0.2917429674134486,
        0.3041855468076195,
        0.3155421998010726,
        0.32639578354055365,
        0.3367012200533678,
        0.34670896080014985,
        0.3566074155433867,
        0.3658480173612584,
        0.3749138563251056,
        0.38375662192367205,
        0.39212280456924103,
        0.4003692971961873,
        0.4082257252733329,
        0.41555000448787405,
        0.4227282958982716,
        0.4298064276779403,
        0.4367184346933708,
        0.4433394866186011,
        0.44985273334325,
        0.4563188665649232,
        0.4625711316498219,
        0.4686879822703502,
        0.47475184183156843,
        0.480661581225538,
        0.4865244441001193,
        0.49215420562587076,
        0.4977134619731192,
        0.5032060848420707,
        0.508630512676336,
        0.5140235515423229,
        0.5193885009910109,
        0.5246650338097864,
        0.5297900372227342,
        0.5348491841527492,
        0.5398257162693757,
        0.5446886559073505,
        0.549500720417401,
        0.5542666163575563,
        0.5589251027946328,
        0.563488724569203,
        0.5679370268853455,
        0.5723377755546414,
        0.5766947732166846,
        0.5810428831319724,
        0.5852910838359333,
        0.5894874481271084,
        0.5936504514282259,
        0.5977192192535349,
        0.6017441850393643,
        0.6056960173097508,
        0.6096232655343619,
        0.6135216800068428,
        0.6173827907711222,
        0.6212349600339546,
        0.624977254220832,
        0.6286997326360821,
        0.6324058954453021,
        0.6360892622969014,
        0.6397654921094272,
        0.6433781162471726,
        0.6469352924982352,
        0.6504256550734548,
        0.6538965619747037,
        0.6573242253358115,
        0.6607024537465932,
        0.6640739329680669,
        0.6674124830391034,
        0.6706771532891307,
        0.6738944211293378,
        0.6771095405256425,
        0.6802687677340278,
        0.6833785007325025,
        0.6864705254269388,
        0.6895372371333248,
        0.6925827581013516,
        0.6955914993379263,
        0.6985542179708979,
        0.7014986908882396,
        0.7044045007579693,
        0.7072735770221049,
        0.7101009827510278,
        0.7129131067514747,
        0.7157148601351784,
        0.7184839870383344,
        0.7212071078670584,
        0.7239222640919263,
        0.726585555671039,
        0.7292367267901742,
        0.731872356264521,
        0.7344685334545693,
        0.7370313298900909,
        0.7395695724364071,
        0.7420857097397613,
        0.7445848060415343,
        0.7470710561274438,
        0.7495367725296919,
        0.751976903627287,
        0.7543954480806006,
        0.7568043439779109,
        0.759184021511648,
        0.7615332318828377,
        0.7638712120477396,
        0.7661890810228104,
        0.7684740509176448,
        0.7707275746427174,
        0.7729448750096968,
        0.7751458361428436,
        0.7773234654299614,
        0.7794830920211546,
        0.7816300539256078,
        0.7837614673402985,
        0.785889292130127,
        0.787976083137593,
        0.7900467068631093,
        0.7920942177514604,
        0.7941355854716969,
        0.7961686769382925,
        0.7981641975683292,
        0.8001557335016095,
        0.8021372451633264,
        0.8040953576507996,
        0.8060492893916189,
        0.8079708689894486,
        0.8098892297425305,
        0.811782071102332,
        0.8136612475183918,
        0.8155275523382772,
        0.817373237780442,
        0.8191982449958177,
        0.8210115336172776,
        0.8228074455644752,
        0.8245958261397667,
        0.8263708407765052,
        0.8281334730575901,
        0.8298831368777828,
        0.8316060162390505,
        0.8333155028127043,
        0.8350092702012276,
        0.8366860312397932,
        0.838353858014114,
        0.8400101299181356,
        0.8416466560705849,
        0.8432719095964336,
        0.8448824690546689,
        0.8464797474212462,
        0.8480677577537248,
        0.849647873300881,
        0.8512071897487234,
        0.8527486579932823,
        0.8542737326404352,
        0.8557932453431155,
        0.8573032952502719,
        0.8587890936405472,
        0.8602591633610062,
        0.8617003909508762,
        0.8631296109342066,
        0.8645550435333429,
        0.8659612514351811,
        0.8673532374669557,
        0.8687318385342035,
        0.8701011171329407,
        0.8714654960640597,
        0.8728162942253568,
        0.8741643744607218,
        0.875495888615695,
        0.8768168101096939,
        0.8781330987826201,
        0.8794312369594013,
        0.8807222185231999,
        0.8819973383458793,
        0.8832612163594228,
        0.8845156394523885,
        0.8857571787203058,
        0.8869837433803512,
        0.888197096070436,
        0.8894007186575769,
        0.8905967341792199,
        0.8917774228584835,
        0.892950438687449,
        0.8941148861042185,
        0.8952689659046505,
        0.8964155561423172,
        0.8975550051788207,
        0.8986772501623244,
        0.8997931166877496,
        0.9008996714829243,
        0.9020008458427632,
        0.9030945249029194,
        0.9041845481435722,
        0.9052574805461929,
        0.9063218832912618,
        0.9073722631340984,
        0.9084081965880174,
        0.9094407584275831,
        0.9104673062936299,
        0.9114918605282306,
        0.9125042074623467,
        0.9135135877612363,
        0.9145165870452343,
        0.9154982946695635,
        0.9164762039389993,
        0.9174493806826615,
        0.9184127168691136,
        0.9193639487026436,
        0.9203094715594258,
        0.9212394231273092,
        0.9221583500493397,
        0.9230759839765978,
        0.9239881566274488,
        0.924890358484758,
        0.9257776420953865,
        0.9266574124740462,
        0.9275288610627417,
        0.9283899223274105,
        0.9292453987836516,
        0.930090229809642,
        0.9309338242559833,
        0.931770103770248,
        0.9326056569203565,
        0.9334265432788578,
        0.934244209636907,
        0.9350544130189783,
        0.9358563403340026,
        0.936657275398239,
        0.9374476462782241,
        0.938231136078636,
        0.9390030300708208,
        0.9397673633985325,
        0.9405272135225906,
        0.9412723358108357,
        0.9420097987344876,
        0.942738939323442,
        0.943466506416352,
        0.9441863009611908,
        0.9448960957119281,
        0.9456024634859382,
        0.9462924260261756,
        0.9469752174029733,
        0.9476535107705926,
        0.9483265442848027,
        0.9489934092633209,
        0.9496514673475236,
        0.9503055586198642,
        0.9509529538420635,
        0.9515917538329455,
        0.9522256136280859,
        0.9528564366328269,
        0.9534822845263742,
        0.9541003894065834,
        0.9547170443982639,
        0.9553274584107598,
        0.9559268009692473,
        0.9565249450373129,
        0.9571174899222163,
        0.9577088930685792,
        0.9582925509563169,
        0.958868596678705,
        0.9594346902113189,
        0.9599915145003504,
        0.9605469048910176,
        0.9610977192551496,
        0.961643745270696,
        0.9621849431497435,
