{
  "alpha": 2.4586738966013657,
  "alpha_no_pc1": 2.51003347853116,
  "mouse_id": "m01_d2"
}